page,title,header1,header2,header3,header4,content,ref,file
1,Đồng Thuận Quan Điểm Của Một Số Chuyên Gia Của Phân Hội Tăng Huyết Áp VSH/ VNHA 2024 Về Chiến Lược Thực Hành Lâm Sàng Quản Lý Tăng Huyết Áp tại Việt Nam,phần mở đầu,,,,"Tăng huyết áp (THA) hiện vẫn là một thách thức y tế hàng đầu, là nguyên nhân chính dẫn đến các bệnh lý
tim mạch và tử vong trên toàn cầu. Tỷ lệ kiểm soát THA trên thế giới vẫn còn hạn chế, với chỉ khoảng 21%
bệnh nhân đạt được mức kiểm soát (1, 2). Trong những năm gần đây, các nghiên cứu chuyên sâu đã giúp
chúng ta hiểu rõ hơn về sinh lý bệnh của THA cũng như các phương pháp can thiệp hiệu quả. Các tiến bộ
này bao gồm sự phát triển của các nhóm thuốc mới đầy hứa hẹn, các phác đồ điều trị kết hợp tối ưu hoá
việc kiểm soát huyết áp (HA), cùng những hiểu biết ngày càng nâng cao về các yếu tố nguy cơ (YTNC) và
biện pháp dự phòng nhằm ngăn chặn diễn tiến của THA và những hệ quả nghiêm trọng của nó. Tại Châu
Âu, Hội Tăng Huyết Áp Châu Âu (ESH) năm 2023, Hội Tim Mạch Châu Âu (ESC) năm 2024 đã công bố
các khuyến cáo mới, vừa có tính hàn lâm cao vừa sát thực tiễn nhưng lại có sự khác biệt làm bối rối không
ít các thầy thuốc lâm sàng (1-3). Tại châu Á như Hàn Quốc, Nhật Bản, Đài Loan, Thái Lan, Trung Quốc và
Việt Nam (5-10) trong những năm vừa qua cũng đã có những cập nhật khuyến cáo riêng, phù hợp với thực
tiễn y tế và đặc thù khu vực. Mặc dù có một số điểm khác biệt giữa các khuyến cáo nhưng tất cả đều có
tính nhất quán trong mục tiêu chung là nhằm cải thiện tỷ lệ kiểm soát THA, giảm thiểu nguy cơ liên quan
bệnh suất và tử suất do THA và nâng cao chất lượng cuộc sống của người bệnh, đồng thời ngày càng
đồng điệu và hội tụ gần nhau hơn về quan điểm và chiến lược thực hành lâm sàng điều trị và dự phòng.
Tại Việt Nam theo báo cáo của Tổ chức Y Tế Thế Giới (WHO) 2023, tỷ lệ THA tuổi từ 30-79 là 30%, trong
đó 47% được điều trị, nhưng chỉ có 13% được kiểm soát, tương ứng 14,3 triệu người THA (2). Năm 2019
có 287.000 người chết do bệnh tim mạch trong đó 60% có liên quan THA. Nếu chúng ta cố gắng cải thiện
lên 50% kiểm soát THA <140/90mmHg thì phải cần thêm 5,4 triệu người THA điều trị kiểm soát và sẽ cứu
sống 671.000 người vào năm 2040 (1). Đây là một thách thức vô cùng lớn lao, Phân Hội Tăng Huyết Áp
Việt Nam (VSH), thuộc Hội Tim Mạch Học Việt Nam (VNHA) nhận thấy sự cần thiết về đồng thuận một
chiến lược thực hành lâm sàng trong quản lý THA, cập nhật mới ngắn gọn nhằm tối ưu hóa việc kiểm soát
HA đạt nhiều hơn và hòa nhịp với những tiến bộ y học và các khuyến cáo quốc tế và khu vực thể hiện qua
nguyên tắc cơ bản lấy bệnh nhân làm trung tâm và triển khai “Lộ trình chiến lược” - 5Đ trong thực hành
lâm sàng với 5 bước cơ bản lấy bệnh nhân làm trung tâm để đi đến thành công kiểm soát THA có hiệu quả.
(Hình 2)",,
2,Đồng Thuận Quan Điểm Của Một Số Chuyên Gia Của Phân Hội Tăng Huyết Áp VSH/ VNHA 2024 Về Chiến Lược Thực Hành Lâm Sàng Quản Lý Tăng Huyết Áp tại Việt Nam,Phần I: ĐIỀU CHỈNH KHUYẾN CÁO 2022 CỦA VSH/VNHA,1/ Điều chỉnh phân loại huyết áp và tăng huyết áp,"a) Thống nhất thuật ngữ ""huyết áp không tăng” (bình thường).",,"- Huyết áp là thang đo liên tục của nguy cơ: Nguy cơ bệnh tim mạch không chỉ bắt đầu từ ngưỡng ""tăng
huyết áp"", tức huyết áp phòng khám đạt ≥130/80mmHg hoặc ≥140/90mmHg, tùy hiệp hội khuyến cáo và
tài liệu đánh giá (3, 11, 12), mà có thể tăng dần với bất kỳ mức huyết áp nào cao hơn huyết áp lý tưởng.
- Giảm bớt sự hiểu nhầm: Thuật ngữ ""huyết áp bình thường"" có thể khiến một số người lầm tưởng rằng
chỉ cần huyết áp dưới ngưỡng ""tăng huyết áp"" thì không có nguy cơ. Trong thực tế, nguy cơ tăng dần và
không chỉ bắt đầu ở mức cao.(10)
- Những chứng cứ từ 2002 đến nay: Levingston ghi nhận tuổi trên 40 có HA bình thường vẫn có mối liên
quan mạnh và trực tiếp với tỷ lệ tử vong do mạch máu (và tử vong chung), mà không có bằng chứng nào
về một ngưỡng cố định, ít nhất là đến mức HA 115/75 mmHg (13). Năm 2020, Whelton qua nghiên cứu
MESA theo dõi 14,3 năm ở 1.457 người không có YTNC kinh điển, có HATT từ 90-130mmHg ghi nhận cứ
tăng mỗi 10mmHg thì tăng 53% nguy cơ bệnh tim mạch do xơ vữa (BTMDXV) qua canxi hóa mạch vành
(14). Trong BLTTC 2021 cho thấy giảm mỗi 5mmHg HATT và mỗi 3mmHg HATTr đều giảm 10% các biến
cố tim mạch, bất kể có tiền sử có bệnh tim mạch hay không (15) và kết quả SPRINT của Smith tháng 4
năm 2024 về HATTr cho thấy giảm HATTr<70 mmHg không phải là rào cản điều trị (16), cùng các khảo sát
của Emily Herrets khảo sát đoàn hệ trên 1 triệu dân ở Anh cho thấy ngưỡng <120/70 mmHg ít có nguy cơ
tim mạch (17). Các nghiên cứu của Noel Muller, Casey cho thấy huyết HA tăng theo tuổi khi tiếp cận với
môi trường sống hiện đại, hoặc ăn mặn (18, 19). Marios A. và cộng sự trong năm 2021 đã phân tích ngẫu
nhiên di truyền (Mendelian randomization, MR) không tìm thấy bằng chứng cho mối quan hệ dạng chữ J;
thay vào đó, đã xác nhận rằng nguy cơ nhồi máu cơ tim giảm đều đặn khi HATTr giảm, ngay cả ở những
người có HATTr cơ bản thấp, đã ủng hộ mạnh mẽ cho mức HA dưới 120/70mmHg là mức HA không tăng
(20).
- Khuyến khích quản lý HA tích cực hơn: Việc sử dụng thuật ngữ “huyết áp không tăng"" giúp nhấn mạnh
rằng mức HA càng thấp trong phạm vi hợp lý thì càng có lợi, thay vì chỉ duy trì dưới ngưỡng ""bình thường"".
Tuy nhiên để phù hợp theo thuật ngữ lâu nay chúng ta đã quen dùng nên thống nhất thuật ngữ “huyết áp
không tăng (bình thường)”.",,
3,Đồng Thuận Quan Điểm Của Một Số Chuyên Gia Của Phân Hội Tăng Huyết Áp VSH/ VNHA 2024 Về Chiến Lược Thực Hành Lâm Sàng Quản Lý Tăng Huyết Áp tại Việt Nam,Phần I: ĐIỀU CHỈNH KHUYẾN CÁO 2022 CỦA VSH/VNHA,1/ Điều chỉnh phân loại huyết áp và tăng huyết áp,b) Về mức HA tăng (elevated blood pressuret): Tiền tăng huyết áp,,"Theo AHA/ACC 2017 (11), Nhật Bản (8) và Hàn Quốc (5) cũng đã áp dụng, nay với những chứng cứ từ
nghiên cứu của Forouzanfar năm 2017 (21), thử nghiệm ACCORD 2010 (22), SPRINT 2014 và 2021 (23,
24), thử nghiệm RESPECT năm 2019 (25), thử nghiệm ESPRIT năm 2024 (26) đã cho thấy HATT 120-139
mmHg và/hoặc HATTr 70-89mmHg là ở mức nguy cơ gia tăng bệnh tim mạch và VSH/VNHA thống nhất
dùng từ “tiền tăng huyết áp” như JNC VII đã dùng trước đây (27).",,
3,Đồng Thuận Quan Điểm Của Một Số Chuyên Gia Của Phân Hội Tăng Huyết Áp VSH/ VNHA 2024 Về Chiến Lược Thực Hành Lâm Sàng Quản Lý Tăng Huyết Áp tại Việt Nam,Phần I: ĐIỀU CHỈNH KHUYẾN CÁO 2022 CỦA VSH/VNHA,1/ Điều chỉnh phân loại huyết áp và tăng huyết áp,c) Tăng Huyết áp:,,"Mặc dù hiện có nhiều nghiên cứu như SPRINT, ESPRIT, CRHCP đã cho thấy HA từ mức >130-180 mmHg
gia tăng nguy cơ bệnh tim mạch nhưng những phân tích tổng hợp các thử nghiệm lâm sàng ngẫu nhiên
(RCT) đã chứng minh lợi ích của liệu pháp hạ huyết áp đối với bệnh nhân có huyết áp ≥140/90 mmHg ,
đặc biệt ở nhóm có nguy cơ mắc bệnh tim mạch (CVD) ≥10% trong vòng 10 năm. Nên thống nhất ngưỡng
chẩn đoán tăng huyết áp:
• Ngưỡng truyền thống: ≥140/90 mmHg.
• Ngưỡng này giữ tính nhất quán với các định nghĩa chính sách hiện hành, đồng thời tránh việc gán nhãn
“mắc bệnh” không cần thiết.(4)",table1,vnha_2024_plha_p3.json
4,Đồng Thuận Quan Điểm Của Một Số Chuyên Gia Của Phân Hội Tăng Huyết Áp VSH/ VNHA 2024 Về Chiến Lược Thực Hành Lâm Sàng Quản Lý Tăng Huyết Áp tại Việt Nam,Phần I: ĐIỀU CHỈNH KHUYẾN CÁO 2022 CỦA VSH/VNHA,2/ Phân tầng nguy cơ ở bệnh nhân THA,,,"Bệnh nhân THA cần được phân tầng nguy cơ để xác định ngưỡng ban đầu cần điều trị và mục tiêu điều trị .
Các yếu tố nguy cơ nên được sàng lọc và đánh giá thường xuyên ở những bệnh nhân THA ngay từ khi chẩn
đoán ban đầu và trong quá trình theo dõi điều trị (2, 34, 62). Tiên lượng và các lựa chọn y tế cho tình trạng
huyết áp cao và các yếu tố nguy cơ có thể thay đổi, nên cần được thảo luận với bệnh nhân THA (33, 47).
Những thay đổi về cấu trúc hoặc chức năng do THA gây ra ở mạch máu động mạch và/hoặc các cơ quan mà
nó cung cấp được gọi là tổn thương cơ quan đích hay trung gian do THA (HMOD) (4, 6). Việc phát hiện tổn
HMOD không triệu chứng ở những bệnh nhân THA là một phần quan trọng của chẩn đoán và đánh giá tiên
lượng để có hướng điều trị thỏa đáng.
Theo VSH/VNHA 2022 (9), do Việt Nam chưa có dữ liệu đầy đủ để xác định chính xác nguy cơ tim mạch ở
bệnh nhân THA, nên sử dụng thang điểm nguy cơ tim mạch tương đối của ISH 2020 theo các YTNC (28),
tổn thương HMOD và bệnh đồng mắc nhưng qua những tiến bộ gần đây ESH 2023 (3) và ESC 2024 (4) đã
bổ sung nhiều YTNC, HMOD. Tuy nhiên, theo ESH phân tầng quá nhiều bậc mặc dù phản ảnh các biến thể
sinh học của THA nhưng qúa phức tạp trong thực hành, còn ESC chú ý tập trung vào nhóm huyết áp tăng
nguy cơ cao 130-139mmHg nhưng qua 4 bước chi tiết và tốn kém, nên chúng tôi phân tầng dựa vào ISH
2020 và bổ sung các YTNC mới như khuyến cáo của Trung Quốc (7), Hàn Quốc, Nhật Bản (8) cùng ESH (3)
và ESC 2024 (4). Về tính thang điểm nguy cơ tuyệt đối vẫn theo quan điểm khuyến cáo Theo WHO 2021
hầu hết bệnh nhân có HATT >= 140 mmg hoặc HATTr =< 90 mmHg đều có nguy cơ cao và được chỉ định
điều trị bằng thuốc, họ không cần đánh giá NCTM trước khi bắt đầu điều trị. Đánh giá NCTM là quan trọng
nhất trong việc hướng dẫn việc quyết định điều trọ bằng thuốc ở những bệnh nhân THA có HATT < 130 – 139
mmHg.(29) hoặc thang điểm SCORE2 (30) và SCORE2 – OP (31) của ESC , hoặc thang điểm nguy cơ PCE
của ACC/AHA tính nguy cơ ASCVD và hiện tại khuyến khích dùng PREVENT của AHA Hoa kỳ cho tuổi từ 30
trở lên (34, 35).",table2,vnha_2024_phantangnguyco_p4.json
5,Đồng Thuận Quan Điểm Của Một Số Chuyên Gia Của Phân Hội Tăng Huyết Áp VSH/ VNHA 2024 Về Chiến Lược Thực Hành Lâm Sàng Quản Lý Tăng Huyết Áp tại Việt Nam,Phần I: ĐIỀU CHỈNH KHUYẾN CÁO 2022 CỦA VSH/VNHA,3/. Mục đích điều trị THA.,A. Ngưỡng HA ban đầu cần điều trị.,,"Mục đích chính của điều trị THA là theo cá thể hóa ngăn ngừa các bệnh tim mạch thận do tăng HA và giảm
tỷ lệ tử vong bằng cách kiểm soát HA đạt mục tiêu (39, 61). Ở những bệnh nhân đã có bệnh tim mạch, điều
trị nhằm mục đích kiểm soát HA để ngăn ngừa sự tiến triển hoặc tái phát của bệnh nhằm giảm tỷ lệ tử vong
và cải thiện chất lượng cuộc sống theo bảng mục tiêu khuyến cáo năm 2022 (9).
Ngưỡng điều trị THA như VSH/VNHA 2022 (9), theo quan điểm WHO
2021 ở bệnh nhân THA≥ 140 /90 mmHg hoặc HATT: 130-139mmHg đã có bệnh tim mạch não, suy tim, ĐTĐ,
CKD IV,V cần điều trị thay đổi lối sống và thuốc phối hợp đôi liều thấp sớm (36), theo bảng 3.",,
5,Đồng Thuận Quan Điểm Của Một Số Chuyên Gia Của Phân Hội Tăng Huyết Áp VSH/ VNHA 2024 Về Chiến Lược Thực Hành Lâm Sàng Quản Lý Tăng Huyết Áp tại Việt Nam,Phần I: ĐIỀU CHỈNH KHUYẾN CÁO 2022 CỦA VSH/VNHA,3/. Mục đích điều trị THA.,B. Thiết lập các mục tiêu điều trị cụ thể,,"Mục đích chính của điều trị THA là theo cá thể hóa ngăn ngừa các bệnh tim mạch thận do tăng HA và giảm
tỷ lệ tử vong bằng cách kiểm soát HA đạt mục tiêu (39, 61). Ở những bệnh nhân đã có bệnh tim mạch, điều
trị nhằm mục đích kiểm soát HA để ngăn ngừa sự tiến triển hoặc tái phát của bệnh nhằm giảm tỷ lệ tử vong
và cải thiện chất lượng cuộc sống theo bảng mục tiêu khuyến cáo năm 2022 (9)
B. Thiết lập các mục tiêu điều trị cụ thể: Đặt mục tiêu huyết áp phù hợp với từng bệnh nhân dựa trên các yếu tố nguy cơ cá nhân, bao gồm mức
độ suy yếu, lão hóa, tình trạng sức khỏe, các bệnh đồng mắc và bệnh kèm theo (4, 9, 39, 40, 47). Mục tiêu
này giúp định hướng cho các biện pháp điều trị và giúp bệnh nhân có cái nhìn rõ ràng về quá trình điều trị.
Hiện nay, các thử nghiệm lớn ngẫu nhiên đối chứng (CRT), đang được thực hiện ở người trưởng thành
Brazil bị tăng huyết áp kèm theo đái tháo đường hoặc tăng huyết áp kèm tiền sử đột quỵ, so sánh giữa việc
đưa huyết áp tâm thu (SBP) xuống <120 mmHg so với <140 mmHg. Kết quả từ hai thử nghiệm này đang
được chờ đợi có đồng nhất với số chứng cứ đang có? Cho đến hiện tại, đã có nhiều chứng cứ từ SPRINT
(16, 23, 24) STEP (37), ESPRIT (26), CRHCP (38), phân tích gộp của Wheltol (39) và mới nhất BPROAD
ở bệnh nhân ĐTĐ týp 2 hạ HATT <120mmHg vs < 140mmHg giảm các biến cố tim mạch 1,65% so với
2,09% mỗi năm [HR] 0,79, khoảng tin cậy 95% [CI] 0,69-0,90), p < 0,001 (40), từ các thử nghiệm lâm sàng
và phân tích gộp (meta-analysis) này đã cung cấp sự ủng hộ mạnh mẽ cho quan điểm “hạ huyết áp càng
thấp càng tốt”. Trên cơ sở mục tiêu khuyến cáo của VSH/VNHA năm 2022 (9), nay khuyến cáo cụ thể rõ
ràng hơn như sau:",table4,vnha_2024_muctieudieutri_p6.json
8,Đồng Thuận Quan Điểm Của Một Số Chuyên Gia Của Phân Hội Tăng Huyết Áp VSH/ VNHA 2024 Về Chiến Lược Thực Hành Lâm Sàng Quản Lý Tăng Huyết Áp tại Việt Nam,"Phần II: Đồng Thuận Về Chiến Lược Thực Hành Lâm Sàng Quản Lý
Tăng Huyết Áp Tại Việt Nam",Các rào cản,,,"Tại Việt Nam, theo báo cáo của WHO 2023, tỷ lệ kiểm soát THA còn rất thấp, chỉ đạt 11% ở nam giới và
15% ở nữ giới (39). Trong thực tế, cả đội ngũ y tế lẫn bệnh nhân đều phải đối mặt với nhiều rào cản, góp
phần làm giảm tỷ lệ kiểm soát huyết áp. Các rào cản bao gồm:
CÁC RÀO CẢN THẦY THUỐC THƯỜNG GẬP:
1. Sự trì trệ trong điều trị (Treatment inertia):
Không thay đổi hoặc điều chỉnh phương pháp điều
trị khi cần thiết.
2. Thiếu tin tưởng vào kết quả đo huyết áp:
Sự thiếu tự tin vào độ chính xác của các chỉ số
huyết áp đã đo.
3. Thiếu kiến thức về tăng huyết áp và cách kiểm
soát huyết áp
Nhà cung cấp dịch vụ y tế không nắm rõ các kiến
thức cơ bản về bệnh và các phương pháp kiểm
soát huyết áp.
4. Sự không chắc chắn về mục tiêu điều trị và các
hướng dẫn lâm sàng.
5. Thiếu kiến thức về cách đo huyết áp trong phòng
khám và ngoài phòng khám. Không có hiểu biết đầy đủ về kỹ thuật và tầm quan
trọng của việc đo huyết áp ở các môi trường khác
nhau.
6. Thiếu phản hồi và cải thiện chất lượng dịc vụ dựa
trên kết quả điều trị.
7. Thời gian không đủ:
Thiếu thời gian để cung cấp dịch vụ chăm sóc chất
lượng hoặc tư vấn kỹ lưỡng cho bệnh nhân.
8. Kỹ năng giao tiếp và xây dựng lòng tin hạn chế
Kỹ năng giao tiếp yếu và thiếu khả năng xây dựng
lòng tin với bệnh nhân.
9. Phân biện chủng tộc/ cá nhân
Sự phân biệt đối xử hoặc định kiến cá nhân có thể
ảnh hưởng đến chất lượng chăm sóc y tế.
10. Thiếu thuốc không ổn định
Thuốc men tùy tiện không bảo đảm đầy đủ",,
9,Đồng Thuận Quan Điểm Của Một Số Chuyên Gia Của Phân Hội Tăng Huyết Áp VSH/ VNHA 2024 Về Chiến Lược Thực Hành Lâm Sàng Quản Lý Tăng Huyết Áp tại Việt Nam,"Phần II: Đồng Thuận Về Chiến Lược Thực Hành Lâm Sàng Quản Lý
Tăng Huyết Áp Tại Việt Nam",Các rào cản,,,"Đối với bệnh nhân cũng gặp rất nhiều rào cản được chia thành ba nhóm chính:
1. Rào cản về hành vi
- Khó khăn trong việc thay đổi thói quen sinh hoạt
theo khuyến nghị.
- Không tuân thủ đúng theo đơn thuốc được kê để
điều trị tăng huyết áp.
2. Rào cản về Nhận thức/ Cảm xúc
- Thiếu kiến thức về tăng huyết áp và cách kiểm
soát huyết áp.
- Thiếu hiểu biết về việc tự đo huyết áp.
- Các rối loạn thần kinh tâm lý ảnh hưởng đến nhận
thức và khả năng đưa ra quyết định.
- Lạm dụng chất kích thích.
- Trình độ hiểu biết về y tế thấp.
- Hạn chế về khả năng sử dụng công nghệ kỹ thuật
số, ảnh hưởng đến việc áp dụng công nghệ trong
quản lý sức khỏe.
3. Rào cản về Xã hội - Dân số học
- Tình trạng kinh tế - xã hội thấp, thường do thiếu
tiếp cận giáo dục, mức độ nghèo đói cao, hoặc
thiếu cơ hội việc làm.
- Thiếu phương tiện di chuyển hoặc không có khả
năng nghỉ làm để đi khám do các trách nhiệm như
chăm sóc trẻ nhỏ, người già, hoặc không được nghỉ
làm.
- Hạn chế truy cập internet tốc độ cao, ảnh hưởng
đến khả năng sử dụng thiết bị tự đo huyết áp và
dịch vụ theo dõi từ xa.
- Khả năng ngôn ngữ thấp, khiến bệnh nhân gặp
khó khăn trong việc hiểu thông tin y tế hoặc tuân
theo hướng dẫn điều trị.
",,
9,Đồng Thuận Quan Điểm Của Một Số Chuyên Gia Của Phân Hội Tăng Huyết Áp VSH/ VNHA 2024 Về Chiến Lược Thực Hành Lâm Sàng Quản Lý Tăng Huyết Áp tại Việt Nam,"Phần II: Đồng Thuận Về Chiến Lược Thực Hành Lâm Sàng Quản Lý
Tăng Huyết Áp Tại Việt Nam",Các rào cản,,,"Các rào cản này cho thấy những thách thức mà thầy thuốc và bệnh nhân phải đối mặt khi tuân thủ kế hoạch
quản lý THA, cho nên cần nhấn mạnh sự cần thiết của cách tiếp cận cá thể hóa và hỗ trợ để giải quyết các
rào cản này.
Chính vì vậy VSH/VNHA đưa ra chiến lược thực hành lâm sàng quản lý THA, là lộ trình 5Đ thực hành lâm
sàng đặt BỆNH NHÂN LÀM TRUNG TÂM trong việc quản lý tăng huyết áp, đặt trọng tâm giải tỏa các rào
cản cả đội ngũ thầy thuốc cùng bệnh nhân thực hành tham gia đạt mục tiêu điều trị theo 5 bước chính của
chữ:(lộ trình, đường đua, theo dõi... ): Mỗi chữ cái đại diện cho một bước quan trọng trong quy trình và
phiên ra Việt ngữ thành 5Đ như hình 2.",,
9,Đồng Thuận Quan Điểm Của Một Số Chuyên Gia Của Phân Hội Tăng Huyết Áp VSH/ VNHA 2024 Về Chiến Lược Thực Hành Lâm Sàng Quản Lý Tăng Huyết Áp tại Việt Nam,"Phần II: Đồng Thuận Về Chiến Lược Thực Hành Lâm Sàng Quản Lý
Tăng Huyết Áp Tại Việt Nam",I.Đ1 - ĐO CHẨN ĐOÁN THEO DÕI HUYẾT ÁP. (BLOOD PRESSURE – DIAGNOSE),Đ1.1. Đo huyết áp và xác định các phân loại THA:,,"Để có một chẩn đoán THA chính xác, việc đo huyết áp cần được thực hiện đúng quy trình gồm ở cả môi
trường lâm sàng (phòng khám) (HAPK), huyết áp có thể được đo bằng thiết bị cơ bóp tay hoặc thiết bị tự
động, có thể có hoặc không có sự hiện diện của nhân viên y tế (TĐHAPK) và huyết áp ngoài phòng khám
(HANPK) gồm: Đo huyết áp tại nhà (HATN): Là HA do bệnh nhân tự thực hiện tại nhà bằng thiết bị được
chứng nhận. Đo huyết áp lưu động (HALĐ): Đo huyết áp ngoài phòng khám bằng thiết bị tự động trong thời
gian dài, thường là 24 giờ, đo tại các khoảng thời gian cố định giúp cung cấp thông tin đầy đủ hơn về các
chẩn đoán và phân loại THA sau (hình 3):
1. Tăng huyết áp bền vững (Sustained Hypertension):
• Huyết áp đo tại phòng khám (OBPM) ≥140/90 mmHg, hoặc
• HBPM ≥135/85 mmHg, hoặc
• ABPM (trung bình 24 giờ) ≥130/80 mmHg.
2. Tăng huyết áp áo choàng trắng (White-Coat Hypertension):
• OBPM ≥140/90 mmHg, nhưng HBPM <135/85 mmHg hoặc ABPM <130/80 mmHg (bình thường ngoài
phòng khám).
3. Tăng huyết áp ẩn giấu (Masked Hypertension):
• OBPM <140/90 mmHg (bình thường tại phòng khám) nhưng HBPM ≥135/85 mmHg hoặc ABPM ≥130/80
mmHg (tăng khi đo ngoài phòng khám).
4. Huyết áp không tăng (Not Elevated BP):
• Huyết áp trong giới hạn bình thường cả ở phòng khám và ngoài phòng khám. HATT/HATTr <120/70
mmHg",figure7,vnha_2024_tieuchuanchuandoantha_p10.json
11,Đồng Thuận Quan Điểm Của Một Số Chuyên Gia Của Phân Hội Tăng Huyết Áp VSH/ VNHA 2024 Về Chiến Lược Thực Hành Lâm Sàng Quản Lý Tăng Huyết Áp tại Việt Nam,"Phần II: Đồng Thuận Về Chiến Lược Thực Hành Lâm Sàng Quản Lý
Tăng Huyết Áp Tại Việt Nam",I.Đ1 - ĐO CHẨN ĐOÁN THEO DÕI HUYẾT ÁP. (BLOOD PRESSURE – DIAGNOSE),"Đ1.2. Hướng dẫn thực hành về các phương pháp đo huyết áp (hình 3,10)",Đ1.2.1. Quy trình đo huyết áp tiêu chuẩn tại phòng khám (OBPM) ở tư thế ngồi:,"Máy đo
• Sử dụng các thiết bị đã được kiểm định chất lượng.
• Máy đo thủy ngân trước đây là tiêu chuẩn vàng, nhưng hiện không được sử dụng vì lý do an toàn.
Thay vào đó, máy đo điện tử đã được kiểm định được chấp nhận rộng rãi (xem danh sách tại stridebp.org).
• Các thiết bị đo không cần bao quấn (cuffless) hiện chưa đủ đáng tin cậy, nhưng có thể cung cấp thông tin
về nguy cơ tim mạch.
Chuẩn bị trước khi đo:
1. Nghỉ ngơi 5–10 phút để huyết áp ổn định.
2. Tránh dùng cà phê, trà, hút thuốc, hoặc vận động mạnh ít nhất 30 phút trước khi đo.
3. Đi vệ sinh trước khi đo vì bàng quang đầy có thể ảnh hưởng đến kết quả.
4. Ngồi thoải mái, lưng tựa ghế, chân đặt thẳng trên sàn và không bắt chéo chân.
Vị trí:
• Tay đặt trên bàn hoặc gối đệm, ngang mức tim.
• Cánh tay thư giãn và không bị che bởi quần áo.
Quy trình đo:
1. Quấn vòng bít:
• Vòng bít quấn quanh cánh tay, cách khuỷu tay 2–3 cm.
• Kích thước vòng bít phù hợp với chu vi cánh tay:
• Nhỏ (S): 22–26 cm
• Vừa (M): 27–34 cm
• Lớn (L): 35–44 cm
• Rất lớn (XL): 45–52 cm
• Phần bơm hơi trong vòng bít phải che ít nhất 2/3 chiều dài cánh tay.
2. Vận hành thiết bị:
• Máy điện tử: Nhấn nút khởi động để đo tự động.
• Máy cơ: Bơm vòng bít lên 30 mmHg trên mức huyết áp tâm thu dự kiến, sau đó xả hơi chậm và nghe
âm Korotkoff:
• Âm đầu tiên: Huyết áp tâm thu.
• Âm cuối cùng: Huyết áp tâm trương.
3. Ghi lại kết quả:
Ghi huyết áp tâm thu (số trên) và tâm trương (số dưới) cùng thời điểm đo.
Xác nhận kết quả:
• Đo 2 lần trong mỗi lần kiểm tra, cách nhau 1–2 phút, và lấy trung bình.
• Lần khám đầu tiên nên đo cả hai tay. Nếu có chênh lệch >10 mmHg ở huyết áp tâm thu giữa hai tay,
cần kiểm tra thêm vì có thể liên quan đến bệnh động mạch ngoại biên hoặc hẹp động mạch chủ.
Đo huyết áp tư thế đứng: Thực hiện khi thăm khám lần đầu THA hoặc mỗi lần tăng liều hay khi nghi ngờ
hạ HA cần phải đo huyết áp tư thế đứng; đo HA tư thế đứng vào thời điểm 1 phút, 3 phút sau khi đã nằm
hoặc ngồi có ghế tựa 5 phút, có sự giảm ≥ 20/10mmHg được xem có hạ HA tư thế (50, 51)
Đối với bệnh nhân có rung nhĩ (RN), ưu tiên phương pháp nghe tim thủ công bắt mạch.",,
11,Đồng Thuận Quan Điểm Của Một Số Chuyên Gia Của Phân Hội Tăng Huyết Áp VSH/ VNHA 2024 Về Chiến Lược Thực Hành Lâm Sàng Quản Lý Tăng Huyết Áp tại Việt Nam,"Phần II: Đồng Thuận Về Chiến Lược Thực Hành Lâm Sàng Quản Lý
Tăng Huyết Áp Tại Việt Nam",I.Đ1 - ĐO CHẨN ĐOÁN THEO DÕI HUYẾT ÁP. (BLOOD PRESSURE – DIAGNOSE),"Đ1.2. Hướng dẫn thực hành về các phương pháp đo huyết áp (hình 3,10)",Đ1.2.2. Đo huyết áp tại nhà (HBPM): (xem đồng thuận HBPM),"• Các bước đầu như đo HAPK nhưng bệnh nhân tự đo HA sau huấn luyện bài bản.
• Xác định chẩn đoán THA áp dụng nguyên tắc “3,7-2-2”: Đo trong 3–7 ngày, 2 lần/ngày (sáng và tối),
mỗi lần đo 2 lần, cách nhau1- 2 phút.Trung bình HBPM có HATT/HATTr ≥ 135/85mmHg chẩn đoán
THA
• HBPM giúp phát hiện tăng huyết áp ẩn giấu hoặc tăng huyết áp áo choàng trắng.
• Tự theo dõi, tăng tuân thủ, liên kết thầy thuốc và bệnh nhân",,
11,Đồng Thuận Quan Điểm Của Một Số Chuyên Gia Của Phân Hội Tăng Huyết Áp VSH/ VNHA 2024 Về Chiến Lược Thực Hành Lâm Sàng Quản Lý Tăng Huyết Áp tại Việt Nam,"Phần II: Đồng Thuận Về Chiến Lược Thực Hành Lâm Sàng Quản Lý
Tăng Huyết Áp Tại Việt Nam",I.Đ1 - ĐO CHẨN ĐOÁN THEO DÕI HUYẾT ÁP. (BLOOD PRESSURE – DIAGNOSE),"Đ1.2. Hướng dẫn thực hành về các phương pháp đo huyết áp (hình 3,10)",Đ1.2.3. Đo huyết áp lưu động 24 giờ (ABPM):,"ABPM ghi lại huyết áp liên tục trong 24 giờ để đánh giá biến thiên huyết áp. Phương pháp này rất hữu ích
trong:
• Phát hiện tăng huyết áp ẩn giấu hoặc áo choàng trắng.
• Đánh giá biến thiên huyết áp, bao gồm tăng huyết áp buổi sáng.
• Kiểm tra hiệu quả của thuốc hạ áp.",,
12,Đồng Thuận Quan Điểm Của Một Số Chuyên Gia Của Phân Hội Tăng Huyết Áp VSH/ VNHA 2024 Về Chiến Lược Thực Hành Lâm Sàng Quản Lý Tăng Huyết Áp tại Việt Nam,"Phần II: Đồng Thuận Về Chiến Lược Thực Hành Lâm Sàng Quản Lý
Tăng Huyết Áp Tại Việt Nam",I.Đ1 - ĐO CHẨN ĐOÁN THEO DÕI HUYẾT ÁP. (BLOOD PRESSURE – DIAGNOSE),Đ1.4 Khuyến cáo đo HA:,,,table8,vnha_2024_khuyencaodoha_p12.json
13,Đồng Thuận Quan Điểm Của Một Số Chuyên Gia Của Phân Hội Tăng Huyết Áp VSH/ VNHA 2024 Về Chiến Lược Thực Hành Lâm Sàng Quản Lý Tăng Huyết Áp tại Việt Nam,"Phần II: Đồng Thuận Về Chiến Lược Thực Hành Lâm Sàng Quản Lý
Tăng Huyết Áp Tại Việt Nam",I.Đ1 - ĐO CHẨN ĐOÁN THEO DÕI HUYẾT ÁP. (BLOOD PRESSURE – DIAGNOSE),"Đ1.5. PHÂN LOẠI THA THEO MỨC HA (xem phần I.1, bảng 1, 7)",,,table1,vnha_2024_plha_p3.json
13,Đồng Thuận Quan Điểm Của Một Số Chuyên Gia Của Phân Hội Tăng Huyết Áp VSH/ VNHA 2024 Về Chiến Lược Thực Hành Lâm Sàng Quản Lý Tăng Huyết Áp tại Việt Nam,"Phần II: Đồng Thuận Về Chiến Lược Thực Hành Lâm Sàng Quản Lý
Tăng Huyết Áp Tại Việt Nam",I.Đ1 - ĐO CHẨN ĐOÁN THEO DÕI HUYẾT ÁP. (BLOOD PRESSURE – DIAGNOSE),Đ1.6. Một số các kiểu hình tăng huyết áp đặc biệt:,,"Định nghĩa: "" Kiểu hình THA (phenotype HTN) dùng để chỉ các kiểu hình hoặc đặc điểm cụ thể của bệnh lý
tăng huyết áp dựa trên những yếu tố có thể đo lường được, chẳng hạn như sự biến đổi huyết áp theo thời
gian, đáp ứng với điều trị hoặc cơ chế nền tảng. Phân loại kiểu hình giúp cá nhân hóa điều trị và đánh giá
rủi ro. Hiện có 12 kiểu hình THA, sau đây là một số kiểu hình đặc biệt.
a). THA buổi sáng: Đo HATN lúc sáng ngủ dậy sau đi tiểu (bàng quang trống), chưa uống thuốc, chưa ăn
sáng đo 1 lần và 1 giờ sau đo 1 lần nữa. Trung bình 2 lần có HA: ≥ 135/85mmHg chẩn đoán THA buổi sáng
(46)
b). Tăng huyết áp vọt (surge) buổi sáng là hiện tượng huyết áp tăng đột ngột vào buổi sáng, thường xảy ra
khi người bệnh vừa thức dậy, có thể dẫn đến nguy cơ cao hơn về các biến cố tim mạch, như đột quỵ và
nhồi máu cơ tim. Hiện có nhiều kiểu huyết áp tăng vọt buổi sáng và chưa có đồng thuận chung về ngưỡng
(1, 3, 46, 47). Vọt HA buổi sáng có ba loại chính: 1/ sự tăng vọt áp từ đáy trong giấc ngủ (sleep trough
surge) = HATT buổi sáng trừ HATT thấp nhất trong đêm. 2/ Vọt trước khi thức dậy (prewaking surge): HA
trung bình 2 giờ sau thức dậy trừ HATT trung bình 2 giờ trước khi thức dậy ttang từ > 20mmHg. 3/ HA tăng
vọt đang lên (Rising BP surge) = HATT buổi sáng khi thức dậy trừ HATT ở tư thế nằm buổi sáng <30’, thuật
ngữ dùng để mô tả sự tăng huyết áp diễn ra khi bạn chuyển từ trạng thái nằm/ngủ sang trạng thái thức dậy
và vận động (Hình 8,9,). (46, 48, 49)
c) Tăng huyết áp ban đêm: Gồm 2 dạng:
THA duy trì ngày đêm: Huyết áp tăng cao cả ban ngày và ban đêm.
THA ẩn giấu ban đêm (THA ban đêm đơn độc) khi HALĐ ban đêm trung bình ≥ 120/70mmHg, HALĐ 24 giờ
< 130/80 mmHg, HALĐ ban ngày < 135/85mmHg. HATT thường giảm 10%–20% trong khi ngủ (41). Bốn
kiểu HA giảm sau đây được định nghĩa theo mức giảm trung bình của HA ban đêm so với ban ngày: giảm
cực đại (extreme dipper): >20%; giảm (dipper): 10%−20%; không giảm (non-dipper) <10%; tăng nghịch
đảo (giảm ngược) (reverse dipper). Sinh lý bình thường giảm 10-20%. Các nghiên cứu hiện tại chỉ ra rằng
THA ban đêm đơn độc có xu hướng thường gặp ở người lớn tuổi, giới tính nam, chỉ số khối cơ thể (BMI)
cao hơn, uống nhiều rượu hơn, nhịp tim nhanh hơn vào ban đêm và mức cholesterol trong máu tăng cao
hoặc glucose máu cao, bệnh thận mạn, ĐTĐ; hội chứng ngưng thở khi ngủ do tắc nghẽn (OSA)... THA ban
đêm có tiên lượng xấu liên quan với tử vong cao hơn THAPK (41-45). Tăng huyết áp ban đêm liên quan
đến tăng nguy cơ bệnh tim mạch, bệnh mạch máu não bao gồm đột quỵ, sa sút trí tuệ và bệnh Alzheimer
ở nam giới lớn tuổi (45). HA ban đêm giảm cực đại, đặc biệt ở bệnh nhân chưa được điều trị, cũng làm
tăng nguy cơ các biến cố (Hình 9). Điều trị THA về đêm: Hiện chưa có bằng chứng đáng tin cậy rằng thuốc
hạ HA nên được dùng vào buổi tối để điều trị THA về đêm. Điều trị THA ban đêm như THA có các bệnh
đồng mắc hoặc THA thứ phát hình 14.1(3, 4)",,
14,Đồng Thuận Quan Điểm Của Một Số Chuyên Gia Của Phân Hội Tăng Huyết Áp VSH/ VNHA 2024 Về Chiến Lược Thực Hành Lâm Sàng Quản Lý Tăng Huyết Áp tại Việt Nam,"Phần II: Đồng Thuận Về Chiến Lược Thực Hành Lâm Sàng Quản Lý
Tăng Huyết Áp Tại Việt Nam",I.Đ1 - ĐO CHẨN ĐOÁN THEO DÕI HUYẾT ÁP. (BLOOD PRESSURE – DIAGNOSE),Đ1.7. Tự theo dõi liên tục và tăng cường hợp tác bệnh nhân và bác sĩ,,"- Sau khi đã có chẩn đoán, bệnh nhân được khuyến khích tiếp tục tự đo HATN hàng ngày để giám sát và
duy trì tuân thủ kiểm soát huyết áp. Điều này giúp phát hiện sớm các xu hướng bất thường trong trị số
huyết áp và theo dõi hiệu quả của các biện pháp điều trị.
- Bệnh nhân nên có máy đo HATN để có thể theo dõi từ xa với tự đo HATN loại mới có thể cung cấp các
thông số cần thiết để quản lý tốt HA, được xem là phương pháp theo dõi trung tâm cá thể hóa (59).
-Theo dõi liên tục không chỉ giúp bác sĩ có dữ liệu thực tế về sự thay đổi huyết áp trong thời gian dài, mà
còn giúp bệnh nhân có ý thức tốt hơn về tình trạng sức khỏe của mình. Bệnh nhân cũng có thể ghi chép
hoặc sử dụng các ứng dụng theo dõi để lưu trữ số liệu huyết áp, giúp bác sĩ đánh giá và điều chỉnh điều trị
kịp thời.
- Khi bệnh nhân thực hiện việc tự đo và ghi chép huyết áp, họ sẽ cảm thấy có trách nhiệm và tham gia tích
cực hơn vào quá trình điều trị. Thông qua các buổi tái khám định kỳ, bệnh nhân có thể thảo luận về kết quả
theo dõi với bác sĩ, từ đó cải thiện sự hợp tác giữa hai bên và giúp bác sĩ có đủ thông tin để xây dựng kế
hoạch điều trị phù hợp nhất.
",,
14,Đồng Thuận Quan Điểm Của Một Số Chuyên Gia Của Phân Hội Tăng Huyết Áp VSH/ VNHA 2024 Về Chiến Lược Thực Hành Lâm Sàng Quản Lý Tăng Huyết Áp tại Việt Nam,"Phần II: Đồng Thuận Về Chiến Lược Thực Hành Lâm Sàng Quản Lý
Tăng Huyết Áp Tại Việt Nam",I.Đ1 - ĐO CHẨN ĐOÁN THEO DÕI HUYẾT ÁP. (BLOOD PRESSURE – DIAGNOSE),,,"Tóm lại: Đ1 - ĐO HUYẾT ÁP – (Track BP) trong lộ trình 5Đ thực hành lâm sàng giúp tạo nền tảng cho việc
chẩn đoán chính xác và theo dõi sát sao tình trạng huyết áp của bệnh nhân. Đây là bước đầu tiên, nhưng
rất quan trọng, để bác sĩ có thể chẩn đoán và đánh giá hiệu quả điều trị và đưa ra các quyết định chính xác
nhằm cải thiện sức khỏe tim mạch của bệnh nhân, bệnh nhân được trao quyền tự do và tự theo dõi quản
lý huyết áp của mình",,
15,Đồng Thuận Quan Điểm Của Một Số Chuyên Gia Của Phân Hội Tăng Huyết Áp VSH/ VNHA 2024 Về Chiến Lược Thực Hành Lâm Sàng Quản Lý Tăng Huyết Áp tại Việt Nam,"Phần II: Đồng Thuận Về Chiến Lược Thực Hành Lâm Sàng Quản Lý
Tăng Huyết Áp Tại Việt Nam",II.Đ2. ĐÁNH GIÁ TOÀN DIỆN BỆNH NHÂN – (REVIEW PATIENT),Đ2.1. Khám toàn diện:,,"Nhằm thiết lập chẩn đoán đầy đủ toàn diện ở người bệnh có THA với các mức độ,
giai đoạn THA qua tiền sử cá nhân và gia đình, thăm khám lâm sàng, các xét nghiệm, sàng lọc nguyên
nhân THA thứ phát, các yếu tố tham gia phát triển THA, các yếu tố nguy cơ tim mạch đi kèm, tổn thương
cơ quan trung gian do THA (HMOD), các bệnh cảnh đồng mắc tim mạch, thận và não, theo hình 12 (4, 12,
60, 61).
Thực hiện qua các bước: Bệnh nhân đi khám sàng lọc đo huyết áp hay đi khám bệnh bất kỳ bệnh nào
thông qua kiểm tra HA, phát hiện có Tiền THA hoặc THA. Tiến hành khảo sát thăm khám toàn diện với hỏi
kỷ tiền sử y khoa, tiền sử dùng thuốc, khám lâm sàng toàn diện, xét nghiệm, tổng hợp phân tầng nguy cơ.
Mục đích của đánh giá lâm sàng là chẩn đoán tăng huyết áp chính xác, xác định đánh giá các yếu tố có
khả năng góp phần gây tăng huyết áp, xác định các yếu tố nguy cơ CVD khác, xác định các bệnh đi kèm
có liên quan, sàng lọc các nguyên nhân thứ phát tiềm ẩn gây tăng huyết áp (nếu có chỉ định) (bảng 9,10,11
và hình 11,12)
Từ đó thiết lập một chẩn đoán cụ thể đầy đủ và thảo luận thông báo cho bệnh nhân cùng quyết định chế
độ điều trị theo đúng chiến lược hoặc cần tham vấn thêm chuyên gia hội chẩn chuyển viện, theo hình 11.",table9,vnha_2024_tiensubenh_p16.json
17,Đồng Thuận Quan Điểm Của Một Số Chuyên Gia Của Phân Hội Tăng Huyết Áp VSH/ VNHA 2024 Về Chiến Lược Thực Hành Lâm Sàng Quản Lý Tăng Huyết Áp tại Việt Nam,"Phần II: Đồng Thuận Về Chiến Lược Thực Hành Lâm Sàng Quản Lý
Tăng Huyết Áp Tại Việt Nam",II.Đ2. ĐÁNH GIÁ TOÀN DIỆN BỆNH NHÂN – (REVIEW PATIENT),Đ2.2. Các sàng lọc cơ bản và chi tiết (Bảng 10),,,table10,vnha_2024_sangloccoban_chitiet_p17.json
18,Đồng Thuận Quan Điểm Của Một Số Chuyên Gia Của Phân Hội Tăng Huyết Áp VSH/ VNHA 2024 Về Chiến Lược Thực Hành Lâm Sàng Quản Lý Tăng Huyết Áp tại Việt Nam,"Phần II: Đồng Thuận Về Chiến Lược Thực Hành Lâm Sàng Quản Lý
Tăng Huyết Áp Tại Việt Nam",II.Đ2. ĐÁNH GIÁ TOÀN DIỆN BỆNH NHÂN – (REVIEW PATIENT),Đ2.3. Các ngưỡng bất thường cho các thông số đo lường xác định HMOD,,,table11,vnha_2024_cac_nguong_bat_thuong_p18.json
19,Đồng Thuận Quan Điểm Của Một Số Chuyên Gia Của Phân Hội Tăng Huyết Áp VSH/ VNHA 2024 Về Chiến Lược Thực Hành Lâm Sàng Quản Lý Tăng Huyết Áp tại Việt Nam,"Phần II: Đồng Thuận Về Chiến Lược Thực Hành Lâm Sàng Quản Lý
Tăng Huyết Áp Tại Việt Nam",II.Đ2. ĐÁNH GIÁ TOÀN DIỆN BỆNH NHÂN – (REVIEW PATIENT),Đ2.4. Tăng huyết áp thứ phát,,"Tăng huyết áp thứ phát là một tình trạng có thể điều trị nếu xác định được nguyên nhân cơ bản. Việc chẩn
đoán và xử lý kịp thời không chỉ giúp kiểm soát huyết áp mà còn ngăn ngừa biến chứng nguy hiểm",,
19,Đồng Thuận Quan Điểm Của Một Số Chuyên Gia Của Phân Hội Tăng Huyết Áp VSH/ VNHA 2024 Về Chiến Lược Thực Hành Lâm Sàng Quản Lý Tăng Huyết Áp tại Việt Nam,"Phần II: Đồng Thuận Về Chiến Lược Thực Hành Lâm Sàng Quản Lý
Tăng Huyết Áp Tại Việt Nam",II.Đ2. ĐÁNH GIÁ TOÀN DIỆN BỆNH NHÂN – (REVIEW PATIENT),,,"Tóm lược 2Đ Đánh giá toàn diện (Review Patient) trong chiến lược 5Đ thực hành lâm sàng giúp các bác
sĩ có cái nhìn chẩn đoán toàn diện về tình trạng sức khỏe của bệnh nhân, giúp cá thể hóa và tối ưu hóa kế
hoạch điều trị. Bằng cách thực hiện đánh giá chi tiết và đa chiều, bác sĩ có thể xác định các yếu tố ảnh
hưởng đến huyết áp, giúp điều chỉnh điều trị để đạt được hiệu quả tốt nhất và giảm nguy cơ biến chứng.",,
19,Đồng Thuận Quan Điểm Của Một Số Chuyên Gia Của Phân Hội Tăng Huyết Áp VSH/ VNHA 2024 Về Chiến Lược Thực Hành Lâm Sàng Quản Lý Tăng Huyết Áp tại Việt Nam,"Phần II: Đồng Thuận Về Chiến Lược Thực Hành Lâm Sàng Quản Lý
Tăng Huyết Áp Tại Việt Nam","III.Đ3. ĐIỀU TRỊ CÁ THỂ HÓA- ĐIỀU TRỊ BAN ĐẦU (ASSIGN INDIVIDUALIZED THERAPY
– INITIAL MANAGEMENT OF HTN)",Đ.3.4 Nhận thức về bệnh lý cùng quyết định điều trị đạt mục tiêu,,"- Trao đổi thảo luận với bệnh nhân đi đến thống nhất cùng quyết định chung về điều trị. Đây là một vấn đề
rất quan trọng. Cần dành thời gian thực hiện mô tả bệnh lý chính và tạo niềm tin về điều trị: ứng dụng trong
việc truyền đạt chẩn đoán tăng huyết áp cho bệnh nhân.
Khi truyền đạt chẩn đoán tăng huyết áp cho bệnh nhân, việc hiểu rõ các mô tả bệnh lý và niềm tin về điều
trị là vô cùng quan trọng. Cách bệnh nhân hiểu về bệnh lý tăng huyết áp, mức độ nguy hiểm của nó, và
niềm tin của họ về hiệu quả điều trị sẽ ảnh hưởng lớn đến việc tuân thủ điều trị và quản lý bệnh. Ngoài ra,
giới tính có thể ảnh hưởng đến cách bệnh nhân cảm nhận về bệnh và điều trị, do đó, cần phải lưu ý đến
yếu tố này khi giao tiếp với bệnh nhân.
- Nguyên nhân: Bệnh nhân thường muốn biết lý do gây tăng huyết áp. Đối với một số người, đặc biệt là
nam giới, nguyên nhân có thể được lý giải qua các yếu tố như căng thẳng, thói quen không lành mạnh hoặc
di truyền. Phụ nữ có thể liên hệ tăng huyết áp với các yếu tố như nội tiết, cảm xúc, hoặc lo lắng trong gia
đình.
- Triệu chứng: Một số bệnh nhân có thể cho rằng tăng huyết áp luôn có triệu chứng rõ rệt như đau đầu,
chóng mặt. Làm rõ rằng tăng huyết áp thường không có triệu chứng cụ thể và nhấn mạnh rằng việc đo
huyết áp định kỳ là quan trọng, ngay cả khi không có biểu hiện nào.
- Tính nghiêm trọng: Bệnh nhân cần hiểu rằng tăng huyết áp có thể dẫn đến các biến chứng nghiêm trọng
nếu không kiểm soát. Tuy nhiên, cách tiếp cận cần mềm mỏng, tránh gây lo lắng thái quá.
- Khả năng kiểm soát: Đảm bảo bệnh nhân hiểu rằng tăng huyết áp có thể được kiểm soát tốt qua thay
đổi lối sống và tuân thủ điều trị. Nam giới có thể có xu hướng nghĩ rằng tăng huyết áp là không tránh khỏi,
trong khi phụ nữ thường xem việc điều trị là khả thi hơn.",,
20,Đồng Thuận Quan Điểm Của Một Số Chuyên Gia Của Phân Hội Tăng Huyết Áp VSH/ VNHA 2024 Về Chiến Lược Thực Hành Lâm Sàng Quản Lý Tăng Huyết Áp tại Việt Nam,"Phần II: Đồng Thuận Về Chiến Lược Thực Hành Lâm Sàng Quản Lý
Tăng Huyết Áp Tại Việt Nam","III.Đ3. ĐIỀU TRỊ CÁ THỂ HÓA- ĐIỀU TRỊ BAN ĐẦU (ASSIGN INDIVIDUALIZED THERAPY
– INITIAL MANAGEMENT OF HTN)",Đ3.5. Tạo niềm tin về điều trị (Treatment Beliefs),,"- Hiệu quả của điều trị: Một số bệnh nhân có thể nghi ngờ hiệu quả của thuốc, đặc biệt là nếu họ không
cảm thấy triệu chứng. Cần truyền tải rằng thuốc giúp ngăn ngừa biến chứng lâu dài, không chỉ là giảm triệu
chứng tức thời.
- Lo ngại về tác dụng phụ: Phụ nữ có thể lo lắng về tác dụng phụ của thuốc hơn so với nam giới. Điều này
cần được giải thích rõ ràng và thảo luận để trấn an bệnh nhân về hiệu quả và tính an toàn của thuốc khi
sử dụng đúng liều.
- Niềm tin về thay đổi lối sống: Nam giới thường đánh giá cao các biện pháp thay đổi lối sống (như tập
thể dục) hơn là dùng thuốc. Cung cấp các lựa chọn thay đổi lối sống phù hợp và khuyến khích phối hợp
giữa lối sống lành mạnh và điều trị dược lý.",,
20,Đồng Thuận Quan Điểm Của Một Số Chuyên Gia Của Phân Hội Tăng Huyết Áp VSH/ VNHA 2024 Về Chiến Lược Thực Hành Lâm Sàng Quản Lý Tăng Huyết Áp tại Việt Nam,"Phần II: Đồng Thuận Về Chiến Lược Thực Hành Lâm Sàng Quản Lý
Tăng Huyết Áp Tại Việt Nam","III.Đ3. ĐIỀU TRỊ CÁ THỂ HÓA- ĐIỀU TRỊ BAN ĐẦU (ASSIGN INDIVIDUALIZED THERAPY
– INITIAL MANAGEMENT OF HTN)",Đ3.6. Ứng dụng trong giao tiếp,,"- Cá thể hóa thông điệp: Sử dụng ngôn ngữ dễ hiểu và phù hợp với niềm tin và trải nghiệm của từng giới
tính. Ví dụ, nhấn mạnh lợi ích của việc duy trì sức khỏe để chăm sóc gia đình khi nói chuyện với phụ nữ,
hoặc khuyến khích trách nhiệm tự chăm sóc sức khỏe khi nói chuyện với nam giới.
- Tăng cường giáo dục: Giải thích rõ ràng về sự nguy hiểm của ""kẻ giết người thầm lặng"" này và vai trò
của bệnh nhân trong việc quản lý bệnh.
- Hổ trợ cảm xúc: Một số bệnh nhân, đặc biệt là phụ nữ, có thể cần thêm hỗ trợ về mặt cảm xúc khi nhận
chẩn đoán. Khuyến khích họ chia sẻ cảm xúc và giải tỏa những lo ngại về bệnh lý cũng như điều trị.
Như vậy, việc truyền đạt chẩn đoán tăng huyết áp nên dựa trên sự hiểu biết sâu sắc về các mô tả bệnh lý
và niềm tin về điều trị của bệnh nhân, đồng thời nhạy cảm với yếu tố giới tính để tối ưu hóa quá trình giao
tiếp và thúc đẩy tuân thủ điều trị.",,
20,Đồng Thuận Quan Điểm Của Một Số Chuyên Gia Của Phân Hội Tăng Huyết Áp VSH/ VNHA 2024 Về Chiến Lược Thực Hành Lâm Sàng Quản Lý Tăng Huyết Áp tại Việt Nam,"Phần II: Đồng Thuận Về Chiến Lược Thực Hành Lâm Sàng Quản Lý
Tăng Huyết Áp Tại Việt Nam","III.Đ3. ĐIỀU TRỊ CÁ THỂ HÓA- ĐIỀU TRỊ BAN ĐẦU (ASSIGN INDIVIDUALIZED THERAPY
– INITIAL MANAGEMENT OF HTN)","Đ3.7. Điều trị không dùng thuốc: Can thiệp thay đổi lối sống (6, 61, 63, 64)",,"- Kế hoạch điều trị luôn bắt đầu nền tảng thay đổi lối sống đã được chứng minh hạ áp hình
- Chế độ ăn uống: Khuyến cáo bệnh nhân ăn giảm muối, tiêu thụ ít thực phẩm chế biến sẵn và ăn nhiều
rau quả, các loại hạt, thực phẩm giàu kali và chất xơ chế độ DASH.
- Giảm tiêu thụ đường tự do có trong các loại đồ uống có đường, chẳng hạn như nước ngọt và nước ép
trái cây có thêm đường., tối đa không quá 10% tổng năng lượng và nên giảm tiêu thụ ngay từ lúc trẻ (65, 66)
- Giảm lượng muối tiêu thụ (67)
- Natri chủ yếu được tiêu thụ dưới dạng muối từ thực phẩm chế biến sẵn hoặc thêm vào khi nấu ăn
- Hạn chế muối < 5 g (khoảng 2 g natri) hoặc 1 muỗng cà phê mỗi ngày
- Tăng cường lượng kali tiêu thụ:
- Tăng tiêu thụ kali, tốt nhất là qua chế độ ăn, ngoại trừ bệnh nhân THA có bệnh thận mạn tiến triển. Thực
phẩm giàu kali bao gồm đậu trắng, bơ và chuối - Sử dụng các chất thay thế gồm muối NaCl 75% và 25%
KCL cho những người tiêu thụ chế độ ăn nhiều muối (67-69).
- Tập cường tập thể dục: Tập thể dục aerobic cường độ vừa /thấp: chẳng hạn như đi bộ, đạp xe, hoặc
bơi lội vừa phải ít nhất 150 phút mỗi tuần (ít nhất 30 phút, 5–7 ngày/tuần) hoặc thay thế bằng 75 phút tập
thể dục aerobic cường độ mạnh mỗi tuần, chia ra 3 ngày, được khuyến nghị, hoạt động này nên được kết
hợp với các bài tập kháng lực động hoặc tĩnh cường độ thấp hoặc vừa (2–3 lần/tuần) để giúp giảm huyết
áp và nguy cơ mắc bệnh tim mạch nhưng phải bảo đảm an toàn. Cách tính tần số nhịp tim luyện tập hiệu
qủa theo cường độ và giới hạn an toàn (10, 33).
- Kiểm soát cân nặng: Giảm cân đối với bệnh nhân thừa cân giúp giảm huyết áp BMI 20-25, vòng eo ở
nam <94cm và nữ <80cm (59, 70).
- Giảm stress và tránh lối sống tĩnh tại: Khuyến khích các hoạt động thư giãn như thiền, yoga hoặc các
bài tập thở để giảm căng thẳng (6).
- Hạn chế rượu và tránh thuốc lá: Khuyến khích bệnh nhân hạn chế uống rượu <200g/ tuần đến 0.
Bỏ thuốc lá vì chúng đều có thể làm tăng huyết áp (1, 29, 35).
- Sống trong môi trường tốt không ô nhiễm không khí, tiếng ồn.",,
22,Đồng Thuận Quan Điểm Của Một Số Chuyên Gia Của Phân Hội Tăng Huyết Áp VSH/ VNHA 2024 Về Chiến Lược Thực Hành Lâm Sàng Quản Lý Tăng Huyết Áp tại Việt Nam,"Phần II: Đồng Thuận Về Chiến Lược Thực Hành Lâm Sàng Quản Lý
Tăng Huyết Áp Tại Việt Nam","III.Đ3. ĐIỀU TRỊ CÁ THỂ HÓA- ĐIỀU TRỊ BAN ĐẦU (ASSIGN INDIVIDUALIZED THERAPY
– INITIAL MANAGEMENT OF HTN)",,,"Tóm lược: 3Đ: Điều trị toàn diện cho bệnh nhân tăng huyết áp không chỉ tập trung theo phác đồ cá thể hóa
trong thực hành lâm sàng tăng huyết áp. Quan trọng là trao đổi với bệnh nhân để họ nhận thức mối nguy
hại nếu không điều trị đúng cách và lợi ích của việc kiểm soát huyết áp. Việc tạo niềm tin và trao quyền cho
bệnh nhân tham gia vào quá trình điều trị giúp họ cảm thấy có trách nhiệm và chủ động hơn trong việc quản
lý sức khỏe của mình. Qua đó, bác sĩ và bệnh nhân cùng cam kết thực hiện các chỉ định, tuân thủ điều trị
để kiểm soát huyết áp hiệu quả, giảm thiểu nguy cơ biến chứng và nâng cao chất lượng cuộc sống",,
23,Đồng Thuận Quan Điểm Của Một Số Chuyên Gia Của Phân Hội Tăng Huyết Áp VSH/ VNHA 2024 Về Chiến Lược Thực Hành Lâm Sàng Quản Lý Tăng Huyết Áp tại Việt Nam,"Phần II: Đồng Thuận Về Chiến Lược Thực Hành Lâm Sàng Quản Lý
Tăng Huyết Áp Tại Việt Nam",IV. Đ4. ĐÁP ỨNG ĐIỀU TRỊ - (CHECK RESPONSE):,Đ4.1. Theo dõi các chỉ số huyết áp định kỳ:,,"Thời gian ban đầu, ngắn hạn và dài hạn
Sau khi bắt đầu điều trị bằng TĐLS và thuốc hạ áp tại tuyến cơ sở / phòng khám có bảo hiểm y tế hoặc
phòng khám gia đình, tư nhân, điều trị và tái khám định kỳ mỗi 2-4 tuần/lần trong 2-3 tháng đầu để đánh
giá tác dụng trên HA và đánh giá các tác dụng phụ có thể xảy ra cho đến khi đạt được mục tiêu HA.
- Thời gian điều trị đạt đích giữa các bước từ 1-3 tháng, tối ưu 1 tháng, sau khi đạt đích tái khám theo lịch
hẹn và khi có bất thường
- Bệnh nhân được khuyến khích đo huyết áp thường xuyên tại nhà và ghi chép lại các kết quả để so sánh
với mục tiêu điều trị, trước khi tái khám. Việc theo dõi liên tục giúp phát hiện sớm những biến động bất
thường và giúp bác sĩ điều chỉnh phương pháp điều trị khi cần thiết.
- Tại các buổi tái khám, bác sĩ sẽ kiểm tra các chỉ số huyết áp do bệnh nhân ghi lại để đánh giá xem huyết
áp có đang được kiểm soát ổn định không. Nếu huyết áp không đạt mục tiêu, xem xét các yếu tố ảnh
hưởng và đưa ra điều chỉnh phù hợp và chuẩn liều..",,
23,Đồng Thuận Quan Điểm Của Một Số Chuyên Gia Của Phân Hội Tăng Huyết Áp VSH/ VNHA 2024 Về Chiến Lược Thực Hành Lâm Sàng Quản Lý Tăng Huyết Áp tại Việt Nam,"Phần II: Đồng Thuận Về Chiến Lược Thực Hành Lâm Sàng Quản Lý
Tăng Huyết Áp Tại Việt Nam",IV. Đ4. ĐÁP ỨNG ĐIỀU TRỊ - (CHECK RESPONSE):,Đ4.2. Đánh giá hiệu quả điều trị/ tác dụng phụ của thuốc:,,"- Bác sĩ sẽ hỏi bệnh nhân về các tác dụng phụ mà họ có thể gặp phải khi sử dụng thuốc điều trị tăng huyết
áp, chẳng hạn như ho khan, chóng mặt, mệt mỏi, buồn nôn, hoặc phù chân. Phản ứng của cơ thể với thuốc
là rất quan trọng để bác sĩ có thể xác định xem có cần thay đổi loại thuốc hoặc liều lượng không.
- Khi phát hiện tác dụng phụ không dung nạp, bác sĩ có thể thay đổi huốc hoặc đưa ra các biện pháp hỗ
trợ giúp bệnh nhân giảm bớt các triệu chứng không mong muốn.",,
23,Đồng Thuận Quan Điểm Của Một Số Chuyên Gia Của Phân Hội Tăng Huyết Áp VSH/ VNHA 2024 Về Chiến Lược Thực Hành Lâm Sàng Quản Lý Tăng Huyết Áp tại Việt Nam,"Phần II: Đồng Thuận Về Chiến Lược Thực Hành Lâm Sàng Quản Lý
Tăng Huyết Áp Tại Việt Nam",IV. Đ4. ĐÁP ỨNG ĐIỀU TRỊ - (CHECK RESPONSE):,Đ4.3. Đánh giá sự thay đổi trong lối sống:,,"- Việc thay đổi lối sống đóng vai trò quan trọng trong dự phòng và kiểm soát huyết áp, nên bác sĩ cũng sẽ
hỏi bệnh nhân về các biện pháp cải thiện lối sống đã thực hiện (chế độ ăn, tập thể dục, bỏ thuốc lá, hạn
chế rượu bia). Theo dõi quá trình này giúp đánh giá mức độ tuân thủ và hiệu quả của các biện pháp không
dùng thuốc. Đặc biệt trong luyện tập gắng sức cường độ cao (bảng )
- Nếu bệnh nhân gặp khó khăn trong việc duy trì những thay đổi này, bác sĩ có thể cung cấp thêm các hỗ
trợ hoặc gợi ý các phương pháp dễ thực hiện hơn",,
23,Đồng Thuận Quan Điểm Của Một Số Chuyên Gia Của Phân Hội Tăng Huyết Áp VSH/ VNHA 2024 Về Chiến Lược Thực Hành Lâm Sàng Quản Lý Tăng Huyết Áp tại Việt Nam,"Phần II: Đồng Thuận Về Chiến Lược Thực Hành Lâm Sàng Quản Lý
Tăng Huyết Áp Tại Việt Nam",IV. Đ4. ĐÁP ỨNG ĐIỀU TRỊ - (CHECK RESPONSE):,Đ4.4. Kiểm tra tiến trình đáp ứng và động viên,,"- Các buổi tái khám định kỳ cũng là cơ hội để đánh giá lại về sự đáp ứng cải thiện mức độ THA, HMOD,
bệnh đồng mắc, động viên bệnh nhân, giúp họ duy trì động lực trong việc tuân thủ kế hoạch điều trị.
Bác sĩ có thể ghi nhận những cải thiện trong chỉ số huyết áp và sức khỏe tổng thể để bệnh nhân thấy được
kết quả tích cực từ nỗ lực của họ.
- Khi bệnh nhân đạt được các mục tiêu ngắn hạn, bác sĩ có thể thiết lập thêm những mục tiêu mới để duy
trì tiến độ cải thiện sức khỏe.",,
23,Đồng Thuận Quan Điểm Của Một Số Chuyên Gia Của Phân Hội Tăng Huyết Áp VSH/ VNHA 2024 Về Chiến Lược Thực Hành Lâm Sàng Quản Lý Tăng Huyết Áp tại Việt Nam,"Phần II: Đồng Thuận Về Chiến Lược Thực Hành Lâm Sàng Quản Lý
Tăng Huyết Áp Tại Việt Nam",IV. Đ4. ĐÁP ỨNG ĐIỀU TRỊ - (CHECK RESPONSE):,Đ4.5. Điều chỉnh và tối ưu hóa phác đồ điều trị khi cần thiết,,"- Dựa trên các dữ liệu thu thập từ việc theo dõi huyết áp, các triệu chứng của bệnh nhân, và sự thay đổi
trong lối sống, bác sĩ sẽ điều chỉnh phương pháp điều trị để phù hợp hơn với tình trạng hiện tại.
- Việc điều chỉnh phác đồ giúp đảm bảo rằng kế hoạch điều trị luôn đáp ứng nhu cầu của bệnh nhân, giúp
kiểm soát huyết áp hiệu quả và cải thiện chất lượng cuộc sống.",,
23,Đồng Thuận Quan Điểm Của Một Số Chuyên Gia Của Phân Hội Tăng Huyết Áp VSH/ VNHA 2024 Về Chiến Lược Thực Hành Lâm Sàng Quản Lý Tăng Huyết Áp tại Việt Nam,"Phần II: Đồng Thuận Về Chiến Lược Thực Hành Lâm Sàng Quản Lý
Tăng Huyết Áp Tại Việt Nam",IV. Đ4. ĐÁP ỨNG ĐIỀU TRỊ - (CHECK RESPONSE):,Đ4.6. Theo dõi từ xa,,"Với tự đo HATN bằng các loại máy mới có thể cung cấp các thông số cần thiết từ xa để quản lý tốt HA,
được xem là phương pháp theo dõi trung tâm cá nhân hóa (56-58, 71)",,
24,Đồng Thuận Quan Điểm Của Một Số Chuyên Gia Của Phân Hội Tăng Huyết Áp VSH/ VNHA 2024 Về Chiến Lược Thực Hành Lâm Sàng Quản Lý Tăng Huyết Áp tại Việt Nam,"Phần II: Đồng Thuận Về Chiến Lược Thực Hành Lâm Sàng Quản Lý
Tăng Huyết Áp Tại Việt Nam",IV. Đ4. ĐÁP ỨNG ĐIỀU TRỊ - (CHECK RESPONSE):,,,"Tóm lược Đ4: Đáp ứng với điều trị: Kiểm tra theo dõi - (Check respone) trong chiến lược thực hành lâm
sàng giúp duy trì kiểm soát tốt huyết áp của bệnh nhân thông qua việc đánh giá liên tục và điều chỉnh phác
đồ điều trị. Theo dõi phản ứng của bệnh nhân không chỉ hỗ trợ quá trình điều trị mà còn tăng cường sự
hợp tác giữa bác sĩ và bệnh nhân, góp phần đạt được các mục tiêu điều trị và giảm nguy cơ biến chứng.",figure16,vnha_2024_kiemtra_dapung_dieutri_p24.json
24,Đồng Thuận Quan Điểm Của Một Số Chuyên Gia Của Phân Hội Tăng Huyết Áp VSH/ VNHA 2024 Về Chiến Lược Thực Hành Lâm Sàng Quản Lý Tăng Huyết Áp tại Việt Nam,"Phần II: Đồng Thuận Về Chiến Lược Thực Hành Lâm Sàng Quản Lý
Tăng Huyết Áp Tại Việt Nam",V.Đ5. Đầy đủ tuân thủ: (Keep Adherence),,,"Duy trì và Hỗ trợ Tuân thủ Điều trị. Tuân thủ (adherence) là mức độ và hành vi của bệnh nhân, ví dụ như
việc dùng thuốc, phù hợp với các khuyến cáo đã được thống nhất từ nhà cung cấp dịch vụ y tế. Duy trì
(persistence) đề cập đến khoảng thời gian từ khi bắt đầu đến khi ngừng liệu pháp điều trị. Hiện nay tỷ lệ
không tuân thủ còn rất cao, đặt biệt THA ở người trẻ tuổi. Việc không tuân thủ liệu pháp hạ huyết áp có liên
quan đến nguy cơ mắc các biến cố tim mạch cao hơn. Các phương pháp khách quan để đánh giá mức độ
tuân thủ, như phát hiện thuốc kê đơn trong mẫu máu hoặc nước tiểu, hoặc quan sát trực tiếp việc uống
thuốc (như trong theo dõi HA 24 giờ), đã chứng minh tính hữu ích, đặc biệt trong trường hợp tăng huyết
áp kháng trị. Tuy nhiên, tất cả các phương pháp kiểm tra việc tuân thủ đều có những hạn chế. Việc không
tuân thủ liệu pháp hạ huyết áp phụ thuộc vào nhiều yếu tố khác nhau.",,
24,Đồng Thuận Quan Điểm Của Một Số Chuyên Gia Của Phân Hội Tăng Huyết Áp VSH/ VNHA 2024 Về Chiến Lược Thực Hành Lâm Sàng Quản Lý Tăng Huyết Áp tại Việt Nam,"Phần II: Đồng Thuận Về Chiến Lược Thực Hành Lâm Sàng Quản Lý
Tăng Huyết Áp Tại Việt Nam",V.Đ5. Đầy đủ tuân thủ: (Keep Adherence),Đ5.1. Giáo dục và nâng cao nhận thức của bệnh nhân:,,"- Bệnh nhân phải hiểu rõ về tầm quan trọng của việc tuân thủ phác đồ điều trị, giúp họ hiểu tại sao việc
dùng thuốc đều đặn và thay đổi lối sống là cần thiết để kiểm soát huyết áp. Khi bệnh nhân nhận thức được
tác động tích cực của việc tuân thủ điều trị, họ sẽ có động lực duy trì.
- Cung cấp tài liệu giáo dục, video, hoặc hướng dẫn để giúp bệnh nhân hiểu về các biến chứng có thể xảy
ra nếu họ không tuân thủ điều trị, như đột quỵ, suy tim và bệnh thận.",,
24,Đồng Thuận Quan Điểm Của Một Số Chuyên Gia Của Phân Hội Tăng Huyết Áp VSH/ VNHA 2024 Về Chiến Lược Thực Hành Lâm Sàng Quản Lý Tăng Huyết Áp tại Việt Nam,"Phần II: Đồng Thuận Về Chiến Lược Thực Hành Lâm Sàng Quản Lý
Tăng Huyết Áp Tại Việt Nam",V.Đ5. Đầy đủ tuân thủ: (Keep Adherence),Đ5.2. Đơn giản hóa phác đồ điều trị:,,"Bác sĩ sẽ cố gắng đơn giản hóa phác đồ điều trị để bệnh nhân dễ
dàng thực hiện hơn, chẳng hạn như giảm số lượng liều thuốc phải uống mỗi ngày bằng cách sử dụng
thuốc phối hợp liều cố định. Các biện pháp này giúp bệnh nhân không bị nhầm lẫn hoặc quên uống thuốc.",,
24,Đồng Thuận Quan Điểm Của Một Số Chuyên Gia Của Phân Hội Tăng Huyết Áp VSH/ VNHA 2024 Về Chiến Lược Thực Hành Lâm Sàng Quản Lý Tăng Huyết Áp tại Việt Nam,"Phần II: Đồng Thuận Về Chiến Lược Thực Hành Lâm Sàng Quản Lý
Tăng Huyết Áp Tại Việt Nam",V.Đ5. Đầy đủ tuân thủ: (Keep Adherence),Đ5.3. Hỗ trợ sử dụng công nghệ để nhắc nhở,,"- Khuyến khích bệnh nhân sử dụng ứng dụng nhắc nhở trên điện thoại hoặc các thiết bị đeo tay để nhắc
nhở về thời gian uống thuốc, đo huyết áp và ghi lại các chỉ số liên quan. Công nghệ giúp bệnh nhân kiểm
soát lịch trình điều trị dễ dàng và có tính tự giác hơn.
- Một số ứng dụng sức khỏe còn có tính năng theo dõi tiến trình, cung cấp báo cáo về huyết áp và tình trạng
sức khỏe của bệnh nhân để họ có thể nhìn thấy những cải thiện và thành quả trong quá trình điều trị.",,
25,Đồng Thuận Quan Điểm Của Một Số Chuyên Gia Của Phân Hội Tăng Huyết Áp VSH/ VNHA 2024 Về Chiến Lược Thực Hành Lâm Sàng Quản Lý Tăng Huyết Áp tại Việt Nam,"Phần II: Đồng Thuận Về Chiến Lược Thực Hành Lâm Sàng Quản Lý
Tăng Huyết Áp Tại Việt Nam",V.Đ5. Đầy đủ tuân thủ: (Keep Adherence),Đ5.4. Thiết lập và duy trì mối quan hệ hỗ trợ,,"- Bác sĩ và đội ngũ y tế nên xây dựng một mối quan hệ hỗ trợ với bệnh nhân, giúp bệnh nhân cảm thấy
được quan tâm và khuyến khích. Việc này có thể bao gồm các buổi tái khám định kỳ hoặc giao tiếp qua
điện thoại/email để kiểm tra tình trạng và nhắc nhở bệnh nhân về tầm quan trọng của việc tuân thủ điều trị.
- Đồng thời, gia đình cũng có thể đóng vai trò hỗ trợ trong việc nhắc nhở bệnh nhân về lịch trình uống thuốc
và khuyến khích họ duy trì lối sống lành mạnh.",,
25,Đồng Thuận Quan Điểm Của Một Số Chuyên Gia Của Phân Hội Tăng Huyết Áp VSH/ VNHA 2024 Về Chiến Lược Thực Hành Lâm Sàng Quản Lý Tăng Huyết Áp tại Việt Nam,"Phần II: Đồng Thuận Về Chiến Lược Thực Hành Lâm Sàng Quản Lý
Tăng Huyết Áp Tại Việt Nam",V.Đ5. Đầy đủ tuân thủ: (Keep Adherence),Đ5.5. Tạo động lực và khuyến khích bệnh nhân,,"- Ghi nhận những cải thiện mà bệnh nhân đã đạt được và động viên họ tiếp tục tuân thủ điều trị. Những
tiến bộ dù nhỏ cũng là động lực giúp bệnh nhân cảm thấy hài lòng và kiên trì trong việc điều trị.
- Đặt ra các mục tiêu ngắn hạn và dài hạn cho bệnh nhân, giúp họ thấy rõ những lợi ích tích cực từ việc
tuân thủ phác đồ điều trị. Mỗi lần đạt được một mục tiêu, bệnh nhân sẽ có thêm động lực để tiếp tục tiến
trình.
Theo Tổ chức Y tế Thế giới, có năm khía cạnh khác nhau ảnh hưởng đến việc tuân thủ thuốc, bao gồm các
yếu tố xã hội/kinh tế, liên quan đến liệu pháp, bệnh nhân, tình trạng bệnh, và hệ thống y tế. Do đó, lý do
không tuân thủ thuốc thường phụ thuộc vào bối cảnh và khó có thể có một phương pháp chung cho tất cả
(hình 14).
Các hệ thống y tế có thể cần suy nghĩ lại về cách hỗ trợ bệnh nhân THA. Việc tích hợp các chiến lược sức
khỏe hành vi, hệ thống hỗ trợ từ cộng đồng, và các can thiệp công nghệ như nhắc nhở hoặc thiết bị theo
dõi tuân thủ kỹ thuật số có thể cung cấp thêm công cụ giúp bệnh nhân vượt qua thách thức tuân thủ. Quan
trọng hơn, các bác sĩ có thể hưởng lợi từ việc đào tạo để hiểu rõ hơn các sắc thái của việc tuân thủ và các
yếu tố đa dạng ảnh hưởng đến nó.",,
25,Đồng Thuận Quan Điểm Của Một Số Chuyên Gia Của Phân Hội Tăng Huyết Áp VSH/ VNHA 2024 Về Chiến Lược Thực Hành Lâm Sàng Quản Lý Tăng Huyết Áp tại Việt Nam,"Phần II: Đồng Thuận Về Chiến Lược Thực Hành Lâm Sàng Quản Lý
Tăng Huyết Áp Tại Việt Nam",V.Đ5. Đầy đủ tuân thủ: (Keep Adherence),,,"Tóm lược 5Đ Đầy đủ tuân thủ: Keep Adherence – Giữ Vững Duy Trì Tuân Thủ Điều Trị trong chiến lược
5Đ thực hành lâm sàng quản lý THA giúp đảm bảo bệnh nhân kiên trì tuân thủ điều trị, từ đó đạt được hiệu
quả kiểm soát huyết tốt nhất và giảm nguy cơ biến chứng. Việc hỗ trợ bệnh nhân trong suốt quá trình điều
trị, đơn giản hóa phác đồ và tạo động lực sẽ giúp họ xây dựng thói quen tích cực và ý thức về tầm quan
trọng của việc bảo vệ sức khỏe tim mạch của chính mình và gia đình xã hội.",,
26,Đồng Thuận Quan Điểm Của Một Số Chuyên Gia Của Phân Hội Tăng Huyết Áp VSH/ VNHA 2024 Về Chiến Lược Thực Hành Lâm Sàng Quản Lý Tăng Huyết Áp tại Việt Nam,"Phần II: Đồng Thuận Về Chiến Lược Thực Hành Lâm Sàng Quản Lý
Tăng Huyết Áp Tại Việt Nam",VI. Bệnh nhân là trung tâm,,,"Lấy bệnh nhân làm trung tâm trong chiến lược thực hành quản lý tăng huyết áp nghĩa là tập trung vào nhu
cầu, mục tiêu và sự tham gia của bệnh nhân trong quá trình điều trị. Đây là cách tiếp cận giúp tạo điều kiện
cho bệnh nhân tham gia chủ động và hiểu rõ vai trò của họ trong việc quản lý bệnh. Bệnh nhân tự đo theo
dõi cùng đội ngũ y tế xác định và điều chỉnh mục tiêu điều trị dựa trên cá thể hóa để đạt và duy trì mục tiêu.
Họ cần đáp ứng nguồn lực với sự hổ trợ đa ngành, gia đình, xã hội, bảo hiểm y tế, lắng nghe và thấu hiểu
vượt qua các rào cản để cùng đạt đích. Đảm bảo cùng bệnh nhân xây dựng biện pháp điều trị ưu tối ưu
hiệu qủa an toàn kinh tế với nhận thức hành động tuân thủ . Liên tục theo dõi huyết áp và các yếu tố nguy
cơ khác, đồng thời điều chỉnh điều trị kịp thời dựa trên phản hồi và tình trạng sức khỏe của bệnh nhân.
Đảm bảo rằng bệnh nhân luôn được tham gia vào quyết định liên quan đến sức khỏe của họ. Thiết lập kênh
giao tiếp hai chiều với bác sĩ, cho phép bệnh nhân dễ dàng hỏi đáp, nhận lời khuyên và động viên. Sự kết
nối này, qua các phương thức như telemedicine, giúp bệnh nhân cảm thấy an tâm và duy trì động lực trong
điều trị, bệnh nhân có thể đặt câu hỏi, giải quyết thắc mắc và nhận phản hồi nhanh chóng về quá trình điều
trị của họ, từ đó xây dựng niềm tin với bác sĩ và hỗ trợ việc điều trị liên tục. Bệnh nhân cần được trang bị
kiến thức về tăng huyết áp và các biến chứng, giúp họ hiểu rõ ý nghĩa của việc Điều này không chỉ cải thiện
hiệu quả điều trị cá nhân mà còn góp phần nâng cao nhận thức cộng đồng của bệnh nhân về tăng huyết
áp và các biến chứng liên quan. Từ đó cùng tham gia cải thiện trình độ dân trí được nâng cao, thể hiện qua
vai trò đẩy mạnh phát triển kinh tế xã hội quyết định sức khỏe (SODH)
Tóm lại, lấy bệnh nhân làm trung tâm là chiến lược giúp tạo ra một môi trường chăm sóc sức khỏe tích cực,
trong đó bệnh nhân được trao quyền tự đo và theo dõi, và cam kết với mục tiêu điều trị, góp phần nâng cao
hiệu quả quản lý tăng huyết áp.",figureexc1,vnha_2024_chienluoc_dieutri_thuoc_p26.json
27,Đồng Thuận Quan Điểm Của Một Số Chuyên Gia Của Phân Hội Tăng Huyết Áp VSH/ VNHA 2024 Về Chiến Lược Thực Hành Lâm Sàng Quản Lý Tăng Huyết Áp tại Việt Nam,"Phần II: Đồng Thuận Về Chiến Lược Thực Hành Lâm Sàng Quản Lý
Tăng Huyết Áp Tại Việt Nam","THÔNG ĐIỆP CHIẾN LƯỢC: THẦY THUỐC CẦN CẬP NHẬT NHỮNG TIẾN BỘ
ĐỂ CÓ MỘT CHIẾN LƯỢC THỰC HÀNH LÂM SÀNG THA TOÀN DIỆN HIỆU QUẢ",,,"- Phân loại huyết áp gồm: huyết áp không tăng, tiền tăng huyết áp và tăng huyết áp
- Áp dụng “Lộ trình chiến lược 5Đ quản lý toàn diện THA của VSH/VNHA 2024”.
- Bệnh nhân là trung tâm, được trao quyền tự đo, theo dõi và giáo dục nhận thức hành động tuân thủ để
đạt mục tiêu điều trị
- Đo chẩn đoán chính xác THA. Đánh giá bệnh nhân toàn diện. Cá thể hóa phác đồ điều trị. Theo dõi đáp
ứng điều trị. Duy trì sự tuân thủ
- Mục tiêu theo cá thể hóa: Mục tiêu theo cá thể hóa: HATT/HATTr <130/80mmHg, có thể hạ thấp hơn nữa
đến <120/70mmHg nếu dung nạp tốt hoặc kém dung nạp theo nguyên tắc ALARA nhưng ít nhất HATT
<140mmHg, đặc biệt ở người ≥ 85 tuổi, có tình trạng suy yếu, hạ huyết áp tư thế triệu chứng, tuổi thọ hạn chế.
- Tích cực thay đổi lối sống: Hạn chế natri và tăng kali, hạn chế đồ ngọt tự do, giảm rượu bia, tiết thực
DASH, tập luyện gắng sức bổ sung với sức đề kháng trong an toàn, ngừng hút thuốc...
- Điều trị thuốc ngay cho bệnh nhân chẩn đoán THA hoặc sớm ở Tiền THA có nguy cơ cao
- Điều trị dựa trên A, C, D và spironolactone khi khó kiểm soát, sử dụng B chỉ khi có chỉ định cụ thể.
- Thêm ARNI, SGLT2i, GLP1-RA, nsMRA trong một số bệnh đồng mắc.
- Khởi trị phối hợp đôi liều thấp, nếu không đạt chuyển sang phối hợp ba liều thấp cho đa số THA
- Đánh giá chẩn đoán và điều trị đúng mức THA kháng trị cũng như THA có các bệnh đồng mắc
- Triệt đốt thần kinh thận giao cảm qua động mạch thận có thể được xem xét cho bệnh nhân THA kháng trị
hoặc không kiểm soát với đội ngũ cơ sở đã được đào tạo đầy đủ với lượng thủ thuật trung bình cao và có
sự đồng ý của bệnh nhân.",,